#,VIB ID,Equipment ID,Date,Gs
1,Vb-531.MD140-MNDE-SPM,531.MD140,2026-04-27,0.862
2,Vb-531.MD140-MDE-SPM,531.MD140,2026-04-27,0.289
3,Vb-531.MD140-S1DE-SPM,531.MD140,2026-04-27,0.129
4,Vb-531.MD140-S1NDE-SPM,531.MD140,2026-04-27,0.269
5,Vb-531.MD140-S2DE-SPM,531.MD140,2026-04-27,0.055
6,Vb-531.MD140-S2NDE-SPM,531.MD140,2026-04-27,0.138
7,Vb-531.MD140-S3DE-SPM,531.MD140,2026-04-27,0.052
8,Vb-531.MD140-S3NDE-SPM,531.MD140,2026-04-27,0.029
9,Vb-531.MD140-S4DE-SPM,531.MD140,2026-04-27,0.063
10,Vb-531.MD140-S4NDE-SPM,531.MD140,2026-04-27,0.099
11,Vb-531.FN380-MNDE-SPM,531.FN380,2026-04-23,0.188
12,Vb-531.FN380-MDE-SPM,531.FN380,2026-04-23,0.142
13,Vb-531.FN380-FNDE-SPM,531.FN380,2026-04-23,0.166
14,,531.FN380,2026-04-23,1.651
15,Vb-531.FN530-MNDE-SPM,531.FN530,2026-04-23,0.228
16,Vb-531.FN530-MDE-SPM,531.FN530,2026-04-23,0.371
17,Vb-531.FN530-FNDE-SPM,531.FN530,2026-04-23,0.751
18,,531.FN530,2026-04-23,1.369
19,,531.FN242,2026-04-23,0.121
20,,531.FN242,2026-04-23,0.106
21,,531.FN242,2026-04-23,0.453
22,,531.FN242,2026-04-23,0.671
23,Vb-531.MD302-MNDE-SPM,531.MD302,2026-04-23,0.302
24,Vb-531.MD302-MDE-SPM,531.MD302,2026-04-23,0.203
25,Vb-531.MD302-S1DE-SPM,531.MD302,2026-04-23,0.39
26,Vb-531.MD302-S1NDE-SPM,531.MD302,2026-04-23,0.532
27,Vb-531.MD302-S2DE-SPM,531.MD302,2026-04-23,0.195
28,Vb-531.MD302-S2NDE-SPM,531.MD302,2026-04-23,0.203
29,Vb-532.MD140-MNDE-SPM,532.MD140,2026-04-23,0.566
30,Vb-532.MD140-MDE-SPM,532.MD140,2026-04-23,1.864
31,Vb-532.MD140-S1DE-SPM,532.MD140,2026-04-23,1.78
32,Vb-532.MD140-S1NDE-SPM,532.MD140,2026-04-23,9.908
33,Vb-532.MD140-S2DE-SPM,532.MD140,2026-04-23,0.973
34,Vb-532.MD140-S2NDE-SPM,532.MD140,2026-04-23,2.508
35,Vb-532.MD140-S3DE-SPM,532.MD140,2026-04-23,0.674
36,Vb-532.MD140-S3NDE-SPM,532.MD140,2026-04-23,1.653
37,Vb-532.MD140-S4DE-SPM,532.MD140,2026-04-23,0.883
38,Vb-532.MD140-S4NDE-SPM,532.MD140,2026-04-23,1.312
39,Vb-532.FN380-MNDE-SPM,532.FN380,2026-04-27,0.159
40,Vb-532.FN380-MDE-SPM,532.FN380,2026-04-27,0.224
41,Vb-532.FN380-FNDE-SPM,532.FN380,2026-04-27,1.098
42,,532.FN380,2026-04-27,0.328
43,Vb-532.FN530-MNDE-SPM,532.FN530,2026-04-23,0.108
44,Vb-532.FN530-MDE-SPM,532.FN530,2026-04-23,0.627
45,Vb-532.FN530-FNDE-SPM,532.FN530,2026-04-23,1.132
46,,532.FN530,2026-04-23,0.178
47,,532.FN242,2026-03-17,0.093
48,,532.FN242,2026-03-17,0.107
49,,532.FN242,2026-03-17,0.87
50,,532.FN242,2026-03-17,0.71
51,Vb-532.BE220-MNDE-SPM,532.BE220,2026-04-23,0.062
52,Vb-532.BE220-MDE-SPM,532.BE220,2026-04-23,0.014
53,,532.BE220,2026-04-23,0.223
54,,532.BE220,2026-04-23,0.494
55,,532.BE220,2026-04-23,0.6
56,,532.BE220,2026-04-23,0.146
57,,532.BE220,2026-04-23,0.134
58,Vb-532.MD302-MNDE-SPM,532.MD302,2026-04-23,0.456
59,Vb-532.MD302-MDE-SPM,532.MD302,2026-04-23,0.174
60,Vb-532.MD302-S1DE-SPM,532.MD302,2026-04-23,0.381
61,Vb-532.MD302-S1NDE-SPM,532.MD302,2026-04-23,0.435
62,Vb-532.MD302-S2DE-SPM,532.MD302,2026-04-23,0.206
63,Vb-532.MD302-S2NDE-SPM,532.MD302,2026-04-23,0.28
64,Vb-533.MD140-MNDE-SPM,533.MD140,2026-04-22,1.751
65,Vb-533.MD140-MDE-SPM,533.MD140,2026-04-22,0.72
66,Vb-533.MD140-S1DE-SPM,533.MD140,2026-04-22,0.802
67,Vb-533.MD140-S1NDE-SPM,533.MD140,2026-04-22,2.561
68,Vb-533.MD140-S2DE-SPM,533.MD140,2026-04-22,0.497
69,Vb-533.MD140-S2NDE-SPM,533.MD140,2026-04-22,1.172
70,Vb-533.MD140-S3DE-SPM,533.MD140,2026-04-22,0.475
71,Vb-533.MD140-S3NDE-SPM,533.MD140,2026-04-22,0.947
72,Vb-533.MD140-S4DE-SPM,533.MD140,2026-04-22,0.574
73,Vb-533.MD140-S4NDE-SPM,533.MD140,2026-04-22,0.728
74,Vb-533.FN350-MNDE-SPM,533.FN350,2026-04-22,0.104
75,Vb-533.FN350-MDE-SPM,533.FN350,2026-04-22,0.448
76,Vb-533.FN350-FNDE-SPM,533.FN350,2026-04-22,0.265
77,,533.FN350,2026-04-22,1.056
78,Vb-533.FN530-MNDE-SPM,533.FN530,2026-04-22,0.064
79,Vb-533.FN530-MDE-SPM,533.FN530,2026-04-22,0.165
80,Vb-533.FN530-FNDE-SPM,533.FN530,2026-04-22,0.303
81,,533.FN530,2026-04-22,0.493
82,,533.FN364,2026-04-22,0.046
83,,533.FN364,2026-04-22,0.134
84,,533.FN364,2026-04-22,0.474
85,,533.FN364,2026-04-22,0.252
86,,533.MD302,2026-04-22,0.521
87,,533.MD302,2026-04-22,0.252
88,,533.MD302,2026-04-22,0.313
89,,533.MD302,2026-04-22,0.225
90,,533.MD302,2026-04-22,0.281
91,,533.MD302,2026-04-22,0.261
92,Vb-533.BE220-MNDE-SPM,533.BE220,2026-04-22,0.104
93,Vb-533.BE220-MDE-SPM,533.BE220,2026-04-22,0.038
94,,533.BE220,2026-04-22,0.138
95,,533.BE220,2026-04-22,0.268
96,Vb-534.MD140-MNDE-SPM,534.MD140,2026-04-27,0.151
97,Vb-534.MD140-MDE-SPM,534.MD140,2026-04-27,0.555
98,Vb-534.MD140-S1DE-SPM,534.MD140,2026-04-27,0.121
99,Vb-534.MD140-S1NDE-SPM,534.MD140,2026-04-27,0.116
100,Vb-534.MD140-S2DE-SPM,534.MD140,2026-04-27,0.116
101,Vb-534.MD140-S2NDE-SPM,534.MD140,2026-04-27,0.09
102,Vb-534.MD140-S3DE-SPM,534.MD140,2026-04-27,0.072
103,Vb-534.MD140-S3NDE-SPM,534.MD140,2026-04-27,0.061
104,Vb-534.MD140-S4DE-SPM,534.MD140,2026-04-27,0.078
105,Vb-534.MD140-S4NDE-SPM,534.MD140,2026-04-27,0.437
106,Vb-534.FN350-MNDE-SPM,534.FN350,2026-04-27,0.142
107,Vb-534.FN350-MDE-SPM,534.FN350,2026-04-27,0.277
108,Vb-534.FN350-FNDE-SPM,534.FN350,2026-04-27,1.442
109,,534.FN350,2026-04-27,0.196
110,,534.FN364,2026-04-27,0.08
111,,534.FN364,2026-04-27,0.101
112,,534.FN364,2026-04-27,0.365
113,,534.FN364,2026-04-27,0.604
114,Vb-534.FN530-MNDE-SPM,534.FN530,2026-04-27,0.108
115,Vb-534.FN530-MDE-SPM,534.FN530,2026-04-27,0.298
116,Vb-534.FN530-FNDE-SPM,534.FN530,2026-04-27,0.353
117,,534.FN530,2026-04-27,1.684
118,Vb-534.BE220-MNDE-SPM,534.BE220,2026-04-27,0.063
119,Vb-534.BE220-MDE-SPM,534.BE220,2026-04-27,0.041
120,,534.BE220,2026-04-27,0.156
121,,534.BE220,2026-04-27,0.156
122,,534.MD302,2026-04-27,0.384
123,,534.MD302,2026-04-27,0.128
124,,534.MD302,2026-04-27,0.183
125,,534.MD302,2026-04-27,0.095
126,,534.MD302,2026-04-27,0.154
127,,534.MD302,2026-04-27,0.11
128,Vb-641.FN.952-MNDE-SPM,641.FN952,2026-04-27,0.099
129,Vb-641.FN.952-MDE-SPM,641.FN952,2026-04-27,0.128
130,Vb-641.FN.952-FNDE-SPM,641.FN952,2026-04-27,1.049
131,,641.FN952,2026-04-27,0.487
132,Vb-642.FN.952-MNDE-SPM,642.FN952,2026-04-27,0.193
133,Vb-642.FN.952-MDE-SPM,642.FN952,2026-04-27,0.214
134,Vb-642.FN.952-FNDE-SPM,642.FN952,2026-04-27,1.84
135,,642.FN952,2026-04-27,0.396
136,Vb-643.FN.952-MNDE-SPM,643.FN952,2026-04-27,0.052
137,Vb-643.FN.952-MDE-SPM,643.FN952,2026-04-27,0.124
138,Vb-643.FN.952-FNDE-SPM,643.FN952,2026-04-27,0.842
139,,643.FN952,2026-04-27,0.838
140,Vb-644.FN.952-MNDE-SPM,644.FN952,2026-04-27,0.109
141,Vb-644.FN.952-MDE-SPM,644.FN952,2026-04-27,0.66
142,Vb-644.FN.952-FNDE-SPM,644.FN952,2026-04-27,1.175
143,,644.FN952,2026-04-27,0.907
144,Vb-645.FN.952-MNDE-SPM,645.FN952,2026-04-27,0.095
145,Vb-645.FN.952-MDE-SPM,645.FN952,2026-04-27,0.266
146,Vb-645.FN.952-FNDE-SPM,645.FN952,2026-04-27,0.371
147,,645.FN952,2026-04-27,0.176
148,Vb-646.FN.952-MNDE-SPM,646.FN952,2026-04-27,0.087
149,Vb-646.FN.952-MDE-SPM,646.FN952,2026-04-27,0.284
150,Vb-646.FN.952-FNDE-SPM,646.FN952,2026-04-27,0.29
151,,646.FN952,2026-04-27,1.083
152,Vb-742.CP110-MNDE-SPM-B,742.CP110,2026-04-22,0.146
153,Vb-742.CP110-MDE-SPM-A,742.CP110,2026-04-22,0.221
154,,742.CP110,2026-04-22,0.484
155,Vb-742.CP110-CNDE-SPM-1,742.CP110,2026-04-22,0.716
156,Vb-742.CP111-MNDE-SPM-B,742.CP111,2026-04-22,0.165
157,Vb-742.CP111-MDE-SPM-A,742.CP111,2026-04-22,0.701
158,,742.CP111,2026-04-22,0.563
159,Vb-742.CP111-CNDE-SPM-1,742.CP111,2026-04-22,1.334
160,Vb-744.CP110-MNDE-SPM-B,744.CP110,2026-03-18,5.489
161,Vb-744.CP110-MDE-SPM-A,744.CP110,2026-03-18,2.361
162,,744.CP110,2026-03-18,9.05
163,Vb-744.CP110-CNDE-SPM-1,744.CP110,2026-03-18,9.779
164,Vb-744.CP111-MNDE-SPM-B,744.CP111,2026-02-08,0.105
165,Vb-744.CP111-MDE-SPM-A,744.CP111,2026-02-08,0.13
166,,744.CP111,2026-02-08,0.281
167,Vb-744.CP111-CNDE-SPM-1,744.CP111,2026-02-08,0.239
168,Vb-612.BL300-MNDE-SPM,612.BL300,2026-04-27,0.061
169,Vb-612.BL300-MDE-SPM,612.BL300,2026-04-27,0.403
170,Vb-612.BL300-BLDE-SPM,612.BL300,2026-04-27,3.392
171,Vb-612.BL300-BLNDE-SPM,612.BL300,2026-04-27,7.127
172,Vb-612.BL300-MNDE-SPM,612.BL300,2026-04-27,0.018
173,Vb-613.BL300-MDE-SPM,613.BL300,2026-04-27,0.345
174,Vb-613.BL300-BLDE-SPM,613.BL300,2026-04-27,5.399
175,Vb-613.BL300-BLNDE-SPM,613.BL300,2026-04-27,6.76
176,Vb-614.BL300-MNDE-SPM,614.BL300,2026-04-27,0.012
177,Vb-614.BL300-MDE-SPM,614.BL300,2026-04-27,0.357
178,Vb-614.BL300-BLDE-SPM,614.BL300,2026-04-27,1.427
179,Vb-614.BL300-BLNDE-SPM,614.BL300,2026-04-27,2.268
180,Vb-531.MD140-MNDE-SPM,531.MD140,2026-05-13,2.531
181,Vb-531.MD140-MDE-SPM,531.MD140,2026-05-13,2.533
182,Vb-531.MD140-S1DE-SPM,531.MD140,2026-05-13,0.13
183,Vb-531.MD140-S1NDE-SPM,531.MD140,2026-05-13,0.183
184,Vb-531.MD140-S2DE-SPM,531.MD140,2026-05-13,0.093
185,Vb-531.MD140-S2NDE-SPM,531.MD140,2026-05-13,0.159
186,Vb-531.MD140-S3DE-SPM,531.MD140,2026-05-13,0.071
187,Vb-531.MD140-S3NDE-SPM,531.MD140,2026-05-13,0.068
188,Vb-531.MD140-S4DE-SPM,531.MD140,2026-05-13,0.074
189,Vb-531.FN380-MNDE-SPM,531.FN380,2026-05-13,0.403
190,Vb-531.FN380-MDE-SPM,531.FN380,2026-05-13,0.379
191,Vb-531.FN380-FNDE-SPM,531.FN380,2026-05-13,0.551
192,,531.FN380,2026-05-13,0.028
193,Vb-531.FN530-MNDE-SPM,531.FN530,2026-05-13,0.028
194,Vb-531.FN530-MDE-SPM,531.FN530,2026-05-13,0.071
195,Vb-531.FN530-FNDE-SPM,531.FN530,2026-05-13,0.205
196,,531.FN530,2026-05-13,0.416
197,,531.FN242,2026-05-13,0.06
198,,531.FN242,2026-05-13,0.079
199,,531.FN242,2026-05-13,0.852
200,,531.FN242,2026-05-13,0.698
201,Vb-531.MD302-MNDE-SPM,531.MD302,2026-05-13,0.463
202,Vb-531.MD302-MDE-SPM,531.MD302,2026-05-13,0.143
203,Vb-531.MD302-S1DE-SPM,531.MD302,2026-05-13,0.489
204,Vb-531.MD302-S1NDE-SPM,531.MD302,2026-05-13,0.266
205,Vb-531.MD302-S2DE-SPM,531.MD302,2026-05-13,0.139
206,Vb-531.MD302-S2NDE-SPM,531.MD302,2026-05-13,0.168
207,Vb-531.BE220-MNDE-SPM,531.BE220,2026-05-13,0.079
208,Vb-531.BE220-MDE-SPM,531.BE220,2026-05-13,0.048
209,,531.BE220,2026-05-13,0.068
210,,531.BE220,2026-05-13,0.162
211,,531.BE220,2026-05-13,0.096
212,,531.BE220,2026-05-13,0.012
213,,531.BE220,2026-05-13,0.116
214,Vb-532.MD140-S4NDE-SPM,532.MD140,2026-05-13,0.642
215,Vb-532.MD140-MDE-SPM,532.MD140,2026-05-13,2.577
216,Vb-532.MD140-S1DE-SPM,532.MD140,2026-05-13,0.797
217,Vb-532.MD140-S1NDE-SPM,532.MD140,2026-05-13,3.027
218,Vb-532.MD140-S2NDE-SPM,532.MD140,2026-05-13,1.748
219,Vb-532.MD140-S3NDE-SPM,532.MD140,2026-05-13,1.177
220,Vb-532.MD140-S4NDE-SPM,532.MD140,2026-05-13,1.27
221,Vb-532.FN380-MNDE-SPM,532.FN380,2026-05-13,0.261
222,Vb-532.FN380-MDE-SPM,532.FN380,2026-05-13,0.183
223,Vb-532.FN380-FNDE-SPM,532.FN380,2026-05-13,0.467
224,,532.FN380,2026-05-13,0.762
225,Vb-532.FN530-MNDE-SPM,532.FN530,2026-05-13,0.048
226,Vb-532.FN530-MDE-SPM,532.FN530,2026-05-13,0.09
227,Vb-532.FN530-FNDE-SPM,532.FN530,2026-05-13,0.461
228,,532.FN530,2026-05-13,0.277
229,,532.FN242,2026-05-13,0.078
230,,532.FN242,2026-05-13,0.219
231,,532.FN242,2026-05-13,1.318
232,,532.FN242,2026-05-13,1.464
233,Vb-532.MD302-MNDE-SPM,532.MD302,2026-05-13,0.353
234,Vb-532.MD302-MDE-SPM,532.MD302,2026-05-13,0.157
235,Vb-532.MD302-S1DE-SPM,532.MD302,2026-05-13,0.322
236,Vb-532.MD302-S1NDE-SPM,532.MD302,2026-05-13,0.425
237,Vb-532.MD302-S2DE-SPM,532.MD302,2026-05-13,0.15
238,Vb-532.MD302-S2NDE-SPM,532.MD302,2026-05-13,0.188
239,Vb-533.MD140-MNDE-SPM,533.MD140,2026-05-11,0.458
240,Vb-533.MD140-MDE-SPM,533.MD140,2026-05-11,0.125
241,Vb-533.MD140-S1DE-SPM,533.MD140,2026-05-11,0.351
242,Vb-533.MD140-S1NDE-SPM,533.MD140,2026-05-11,0.596
243,Vb-533.MD140-S2DE-SPM,533.MD140,2026-05-11,0.178
244,Vb-533.MD140-S2NDE-SPM,533.MD140,2026-05-11,0.847
245,Vb-533.MD140-S3DE-SPM,533.MD140,2026-05-11,0.306
246,Vb-533.MD140-S3NDE-SPM,533.MD140,2026-05-11,0.756
247,Vb-533.MD140-S4DE-SPM,533.MD140,2026-05-11,0.454
248,Vb-533.MD140-S4NDE-SPM,533.MD140,2026-05-11,0.452
249,Vb-533.FN350-MNDE-SPM,533.FN350,2026-05-11,0.214
250,Vb-533.FN350-MDE-SPM,533.FN350,2026-05-11,0.448
251,Vb-533.FN350-FNDE-SPM,533.FN350,2026-05-11,1.413
252,,533.FN350,2026-05-11,0.323
253,Vb-533.FN350-MNDE-SPM,533.FN350,2026-05-11,0.156
254,Vb-533.FN350-MDE-SPM,533.FN350,2026-05-11,0.247
255,Vb-533.FN350-FNDE-SPM,533.FN350,2026-05-11,0.555
256,,533.FN350,2026-05-11,1.028
257,,533.FN364,2026-05-11,0.051
258,,533.FN364,2026-05-11,0.376
259,,533.FN364,2026-05-11,0.36
260,,533.FN364,2026-05-11,0.449
261,,533.MD302,2026-05-11,0.579
262,,533.MD302,2026-05-11,0.196
263,,533.MD302,2026-05-11,0.388
264,,533.MD302,2026-05-11,0.219
265,,533.MD302,2026-05-11,0.21
266,,533.MD302,2026-05-11,0.231
267,,533.MD302,2026-05-11,0.144
268,,533.MD302,2026-05-11,0.169
269,Vb-533.BE220-MNDE-SPM,533.BE220,2026-05-11,0.095
270,Vb-533.BE220-MDE-SPM,533.BE220,2026-05-11,0.038
271,,533.BE220,2026-05-11,0.731
272,,533.BE220,2026-05-11,0.187
273,,533.BE220,2026-05-11,0.22
274,,533.BE220,2026-05-11,0.133
275,,533.BE220,2026-05-11,0.069
276,,533.BE220,2026-05-11,0.1
277,Vb-534.MD140-MNDE-SPM,534.MD140,2026-05-13,1.636
278,Vb-534.MD140-MDE-SPM,534.MD140,2026-05-13,0.319
279,Vb-534.MD140-S1DE-SPM,534.MD140,2026-05-13,0.083
280,Vb-534.MD140-S1NDE-SPM,534.MD140,2026-05-13,0.127
281,Vb-534.MD140-S2DE-SPM,534.MD140,2026-05-13,0.116
282,Vb-534.MD140-S2NDE-SPM,534.MD140,2026-05-13,0.105
283,Vb-534.MD140-S3DE-SPM,534.MD140,2026-05-13,0.072
284,Vb-534.MD140-S3NDE-SPM,534.MD140,2026-05-13,0.103
285,Vb-534.MD140-S4DE-SPM,534.MD140,2026-05-13,0.078
286,Vb-534.MD140-S4NDE-SPM,534.MD140,2026-05-13,0.08
287,Vb-534.FN350-MNDE-SPM,534.FN350,2026-05-13,0.228
288,Vb-534.FN350-MDE-SPM,534.FN350,2026-05-13,0.378
289,Vb-534.FN350-FNDE-SPM,534.FN350,2026-05-13,1.768
290,,534.FN350,2026-05-13,0.196
291,,534.FN364,2026-04-27,0.08
292,,534.FN364,2026-04-27,0.101
293,,534.FN364,2026-04-27,0.365
294,,534.FN364,2026-04-27,0.604
295,Vb-534.FN530-MNDE-SPM,534.FN530,2026-05-13,0.147
296,Vb-534.FN530-MDE-SPM,534.FN530,2026-05-13,0.231
297,Vb-534.FN530-FNDE-SPM,534.FN530,2026-05-13,0.555
298,,534.FN530,2026-05-13,0.286
299,,534.MD302,2026-04-27,0.384
300,,534.MD302,2026-04-27,0.128
301,,534.MD302,2026-04-27,0.183
302,,534.MD302,2026-04-27,0.095
303,,534.MD302,2026-04-27,0.154
304,,534.MD302,2026-04-27,0.11
305,Vb-641.FN.952-MNDE-SPM,641.FN952,2026-05-13,0.078
306,Vb-641.FN.952-MDE-SPM,641.FN952,2026-05-13,0.041
307,Vb-641.FN.952-FNDE-SPM,641.FN952,2026-05-13,0.521
308,,641.FN952,2026-05-13,0.238
309,Vb-642.FN.952-MNDE-SPM,642.FN952,2026-05-13,0.081
310,Vb-642.FN.952-MDE-SPM,642.FN952,2026-05-13,0.114
311,Vb-642.FN.952-FNDE-SPM,642.FN952,2026-05-13,1.094
312,,642.FN952,2026-05-13,0.426
313,Vb-643.FN.952-MNDE-SPM,643.FN952,2026-05-13,0.04
314,Vb-643.FN.952-MDE-SPM,643.FN952,2026-05-13,0.082
315,Vb-643.FN.952-FNDE-SPM,643.FN952,2026-05-13,0.843
316,,643.FN952,2026-05-13,0.898
317,Vb-644.FN.952-MNDE-SPM,644.FN952,2026-05-13,0.078
318,Vb-644.FN.952-MDE-SPM,644.FN952,2026-05-13,0.193
319,Vb-644.FN.952-FNDE-SPM,644.FN952,2026-05-13,0.8
320,,644.FN952,2026-05-13,0.633
321,Vb-645.FN.952-MNDE-SPM,645.FN952,2026-05-13,0.054
322,Vb-645.FN.952-MDE-SPM,645.FN952,2026-05-13,0.299
323,Vb-645.FN.952-FNDE-SPM,645.FN952,2026-05-13,0.294
324,,645.FN952,2026-05-13,0.137
325,Vb-646.FN.952-MNDE-SPM,646.FN952,2026-05-13,0.045
326,Vb-646.FN.952-MDE-SPM,646.FN952,2026-05-13,0.258
327,Vb-646.FN.952-FNDE-SPM,646.FN952,2026-05-13,0.266
328,,646.FN952,2026-05-13,0.073
329,Vb-213.HC100-MNDE-SPM,213.HC100,2026-05-13,0.193
330,Vb-213.HC100-MDE-SPM,213.HC100,2026-05-13,0.291
331,,213.HC100,2026-05-13,0.14
332,,213.HC100,2026-05-13,0.099
333,Vb-742.CP110-MNDE-SPM-B,742.CP110,2026-05-11,0.073
334,Vb-742.CP110-MDE-SPM-A,742.CP110,2026-05-11,0.219
335,,742.CP110,2026-05-11,0.439
336,Vb-742.CP110-CNDE-SPM-1,742.CP110,2026-05-11,0.609
337,Vb-742.CP112-MNDE-SPM-B,742.CP112,2026-05-11,0.11
338,Vb-742.CP112-MDE-SPM-A,742.CP112,2026-05-11,0.183
339,,742.CP112,2026-05-11,0.588
340,Vb-742.CP112-CNDE-SPM-1,742.CP112,2026-05-11,1.108
341,Vb-742.CP113-MNDE-SPM-B,742.CP113,2026-05-11,0.042
342,Vb-742.CP113-MDE-SPM-A,742.CP113,2026-05-11,0.026
343,,742.CP113,2026-05-11,0.056
344,Vb-742.CP113-CNDE-SPM-1,742.CP113,2026-05-11,0.093
345,Vb-744.CP110-MNDE-SPM-B,744.CP110,2026-05-11,0.554
346,Vb-744.CP110-MDE-SPM-A,744.CP110,2026-05-11,0.412
347,,744.CP110,2026-05-11,1.397
348,Vb-744.CP110-CNDE-SPM-1,744.CP110,2026-05-11,0.956
349,Vb-744.CP111-MNDE-SPM-B,744.CP111,2026-05-11,0.785
350,Vb-744.CP111-MDE-SPM-A,744.CP111,2026-05-11,0.149
351,,744.CP111,2026-05-11,1.03
352,Vb-744.CP111-CNDE-SPM-1,744.CP111,2026-05-11,1.392
353,,744.CP113,2026-05-11,0.088
354,,744.CP113,2026-05-11,0.22
355,,744.CP113,2026-05-11,0.301
356,,744.CP113,2026-05-11,0.242
357,Vb-612.BL300-MNDE-SPM,612.BL300,2026-05-13,0.09
358,Vb-612.BL300-MDE-SPM,612.BL300,2026-05-13,0.519
359,Vb-612.BL300-BLDE-SPM,612.BL300,2026-05-13,2.808
360,Vb-612.BL300-BLNDE-SPM,612.BL300,2026-05-13,3.451
361,Vb-612.BL300-MNDE-SPM,612.BL300,2026-05-13,0.023
362,Vb-613.BL300-MDE-SPM,613.BL300,2026-05-13,0.289
363,Vb-613.BL300-BLDE-SPM,613.BL300,2026-05-13,4.872
364,Vb-613.BL300-BLNDE-SPM,613.BL300,2026-05-13,9.345
365,Vb-614.BL300-MNDE-SPM,614.BL300,2026-05-13,0.021
366,Vb-614.BL300-MDE-SPM,614.BL300,2026-05-13,0.259
367,Vb-614.BL300-BLDE-SPM,614.BL300,2026-05-13,2.029
368,Vb-614.BL300-BLNDE-SPM,614.BL300,2026-05-13,3.467
369,Vb-531.MD140-MDE-SPM,531.MD140,2026-06-04,0.694
370,Vb-531.MD140-MNDE-SPM,531.MD140,2026-06-04,1.483
371,Vb-531.MD140-S1DE-SPM,531.MD140,2026-06-04,0.05
372,Vb-531.MD140-S1NDE-SPM,531.MD140,2026-06-04,0.183
373,Vb-531.MD140-S2DE-SPM,531.MD140,2026-06-04,0.069
374,Vb-531.MD140-S2NDE-SPM,531.MD140,2026-06-04,0.131
375,Vb-531.MD140-S3DE-SPM,531.MD140,2026-06-04,0.054
376,Vb-531.MD140-S3NDE-SPM,531.MD140,2026-06-04,0.099
377,Vb-531.MD140-S4DE-SPM,531.MD140,2026-06-04,0.075
378,Vb-531.MD140-S4NDE-SPM,531.MD140,2026-06-04,0.114
379,Vb-532.MD140-MDE-SPM,532.MD140,2026-06-09,1.083
380,Vb-532.MD140-MNDE-SPM,532.MD140,2026-06-09,0.854
381,Vb-532.MD140-S1DE-SPM,532.MD140,2026-06-09,0.799
382,Vb-532.MD140-S1NDE-SPM,532.MD140,2026-06-09,2.278
383,Vb-532.MD140-S2NDE-SPM,532.MD140,2026-06-09,2.109
384,Vb-532.MD140-S3NDE-SPM,532.MD140,2026-06-09,1.016
385,Vb-532.MD140-S4NDE-SPM,532.MD140,2026-06-09,1.362
386,Vb-534.MD140-MDE-SPM,534.MD140,2026-06-04,0.785
387,Vb-534.MD140-MNDE-SPM,534.MD140,2026-06-04,0.841
388,Vb-534.MD140-S1DE-SPM,534.MD140,2026-06-04,0.069
389,Vb-534.MD140-S1NDE-SPM,534.MD140,2026-06-04,0.094
390,Vb-534.MD140-S2NDE-SPM,534.MD140,2026-06-04,0.044
391,Vb-534.MD140-S3NDE-SPM,534.MD140,2026-06-04,0.164
392,Vb-534.MD140-S4NDE-SPM,534.MD140,2026-06-04,0.034
