#,VIB ID,Equipment ID,Point (unmatched only),Month,Date 1,Gs 1,Date 2,Gs 2
1,,213.HC100,Crusher DE,2026-05,2026-05-13,0.14,,
2,,213.HC100,Crusher NDE,2026-05,2026-05-13,0.099,,
3,Vb-213.HC100-MDE-SPM,213.HC100,,2026-05,2026-05-13,0.291,,
4,Vb-213.HC100-MNDE-SPM,213.HC100,,2026-05,2026-05-13,0.193,,
5,,531.BE220,Shaft 1 inboard  DE,2026-05,2026-05-13,0.068,,
6,,531.BE220,Shaft 2  inboard  DE,2026-05,2026-05-13,0.162,,
7,,531.BE220,Shaft 2  outboard NDE,2026-05,2026-05-13,0.096,,
8,,531.BE220,Bearing DE,2026-05,2026-05-13,0.012,,
9,,531.BE220,Bearing NDE,2026-05,2026-05-13,0.116,,
10,Vb-531.BE220-MDE-SPM,531.BE220,,2026-05,2026-05-13,0.048,,
11,Vb-531.BE220-MNDE-SPM,531.BE220,,2026-05,2026-05-13,0.079,,
12,,531.FN242,Motor NDE,2026-04,2026-04-23,0.121,,
13,,531.FN242,Motor DE,2026-04,2026-04-23,0.106,,
14,,531.FN242,Fan DE,2026-04,2026-04-23,0.453,,
15,,531.FN242,Fan NDE,2026-04,2026-04-23,0.671,,
16,,531.FN242,Motor NDE,2026-05,2026-05-13,0.06,,
17,,531.FN242,Motor DE,2026-05,2026-05-13,0.079,,
18,,531.FN242,Fan DE,2026-05,2026-05-13,0.852,,
19,,531.FN242,Fan NDE,2026-05,2026-05-13,0.698,,
20,,531.FN380,Fan NDE,2026-04,2026-04-23,1.651,,
21,Vb-531.FN380-FNDE-SPM,531.FN380,,2026-04,2026-04-23,0.166,,
22,Vb-531.FN380-MDE-SPM,531.FN380,,2026-04,2026-04-23,0.142,,
23,Vb-531.FN380-MNDE-SPM,531.FN380,,2026-04,2026-04-23,0.188,,
24,,531.FN380,Fan NDE,2026-05,2026-05-13,0.028,,
25,Vb-531.FN380-FNDE-SPM,531.FN380,,2026-05,2026-05-13,0.551,,
26,Vb-531.FN380-MDE-SPM,531.FN380,,2026-05,2026-05-13,0.379,,
27,Vb-531.FN380-MNDE-SPM,531.FN380,,2026-05,2026-05-13,0.403,,
28,,531.FN530,Fan NDE,2026-04,2026-04-23,1.369,,
29,Vb-531.FN530-FNDE-SPM,531.FN530,,2026-04,2026-04-23,0.751,,
30,Vb-531.FN530-MDE-SPM,531.FN530,,2026-04,2026-04-23,0.371,,
31,Vb-531.FN530-MNDE-SPM,531.FN530,,2026-04,2026-04-23,0.228,,
32,,531.FN530,Fan NDE,2026-05,2026-05-13,0.416,,
33,Vb-531.FN530-FNDE-SPM,531.FN530,,2026-05,2026-05-13,0.205,,
34,Vb-531.FN530-MDE-SPM,531.FN530,,2026-05,2026-05-13,0.071,,
35,Vb-531.FN530-MNDE-SPM,531.FN530,,2026-05,2026-05-13,0.028,,
36,Vb-531.MD140-MDE-SPM,531.MD140,,2026-04,2026-04-27,0.289,,
37,Vb-531.MD140-MNDE-SPM,531.MD140,,2026-04,2026-04-27,0.862,,
38,Vb-531.MD140-S1DE-SPM,531.MD140,,2026-04,2026-04-27,0.129,,
39,Vb-531.MD140-S1NDE-SPM,531.MD140,,2026-04,2026-04-27,0.269,,
40,Vb-531.MD140-S2DE-SPM,531.MD140,,2026-04,2026-04-27,0.055,,
41,Vb-531.MD140-S2NDE-SPM,531.MD140,,2026-04,2026-04-27,0.138,,
42,Vb-531.MD140-S3DE-SPM,531.MD140,,2026-04,2026-04-27,0.052,,
43,Vb-531.MD140-S3NDE-SPM,531.MD140,,2026-04,2026-04-27,0.029,,
44,Vb-531.MD140-S4DE-SPM,531.MD140,,2026-04,2026-04-27,0.063,,
45,Vb-531.MD140-S4NDE-SPM,531.MD140,,2026-04,2026-04-27,0.099,,
46,Vb-531.MD140-MDE-SPM,531.MD140,,2026-05,2026-05-13,2.533,,
47,Vb-531.MD140-MNDE-SPM,531.MD140,,2026-05,2026-05-13,2.531,,
48,Vb-531.MD140-S1DE-SPM,531.MD140,,2026-05,2026-05-13,0.13,,
49,Vb-531.MD140-S1NDE-SPM,531.MD140,,2026-05,2026-05-13,0.183,,
50,Vb-531.MD140-S2DE-SPM,531.MD140,,2026-05,2026-05-13,0.093,,
51,Vb-531.MD140-S2NDE-SPM,531.MD140,,2026-05,2026-05-13,0.159,,
52,Vb-531.MD140-S3DE-SPM,531.MD140,,2026-05,2026-05-13,0.071,,
53,Vb-531.MD140-S3NDE-SPM,531.MD140,,2026-05,2026-05-13,0.068,,
54,Vb-531.MD140-S4DE-SPM,531.MD140,,2026-05,2026-05-13,0.074,,
55,Vb-531.MD140-MDE-SPM,531.MD140,,2026-06,2026-06-04,0.694,,
56,Vb-531.MD140-MNDE-SPM,531.MD140,,2026-06,2026-06-04,1.483,,
57,Vb-531.MD140-S1DE-SPM,531.MD140,,2026-06,2026-06-04,0.05,,
58,Vb-531.MD140-S1NDE-SPM,531.MD140,,2026-06,2026-06-04,0.183,,
59,Vb-531.MD140-S2DE-SPM,531.MD140,,2026-06,2026-06-04,0.069,,
60,Vb-531.MD140-S2NDE-SPM,531.MD140,,2026-06,2026-06-04,0.131,,
61,Vb-531.MD140-S3DE-SPM,531.MD140,,2026-06,2026-06-04,0.054,,
62,Vb-531.MD140-S3NDE-SPM,531.MD140,,2026-06,2026-06-04,0.099,,
63,Vb-531.MD140-S4DE-SPM,531.MD140,,2026-06,2026-06-04,0.075,,
64,Vb-531.MD140-S4NDE-SPM,531.MD140,,2026-06,2026-06-04,0.114,,
65,Vb-531.MD302-MDE-SPM,531.MD302,,2026-04,2026-04-23,0.203,,
66,Vb-531.MD302-MNDE-SPM,531.MD302,,2026-04,2026-04-23,0.302,,
67,Vb-531.MD302-S1DE-SPM,531.MD302,,2026-04,2026-04-23,0.39,,
68,Vb-531.MD302-S1NDE-SPM,531.MD302,,2026-04,2026-04-23,0.532,,
69,Vb-531.MD302-S2DE-SPM,531.MD302,,2026-04,2026-04-23,0.195,,
70,Vb-531.MD302-S2NDE-SPM,531.MD302,,2026-04,2026-04-23,0.203,,
71,Vb-531.MD302-MDE-SPM,531.MD302,,2026-05,2026-05-13,0.143,,
72,Vb-531.MD302-MNDE-SPM,531.MD302,,2026-05,2026-05-13,0.463,,
73,Vb-531.MD302-S1DE-SPM,531.MD302,,2026-05,2026-05-13,0.489,,
74,Vb-531.MD302-S1NDE-SPM,531.MD302,,2026-05,2026-05-13,0.266,,
75,Vb-531.MD302-S2DE-SPM,531.MD302,,2026-05,2026-05-13,0.139,,
76,Vb-531.MD302-S2NDE-SPM,531.MD302,,2026-05,2026-05-13,0.168,,
77,,532.BE220,Shaft 1 inboard  DE,2026-04,2026-04-23,0.223,,
78,,532.BE220,Shaft 2  inboard  DE,2026-04,2026-04-23,0.494,,
79,,532.BE220,Shaft 2  outboard NDE,2026-04,2026-04-23,0.6,,
80,,532.BE220,Bearing DE,2026-04,2026-04-23,0.146,,
81,,532.BE220,Bearing NDE,2026-04,2026-04-23,0.134,,
82,Vb-532.BE220-MDE-SPM,532.BE220,,2026-04,2026-04-23,0.014,,
83,Vb-532.BE220-MNDE-SPM,532.BE220,,2026-04,2026-04-23,0.062,,
84,,532.FN242,Motor NDE,2026-03,2026-03-17,0.093,,
85,,532.FN242,Motor DE,2026-03,2026-03-17,0.107,,
86,,532.FN242,Fan DE,2026-03,2026-03-17,0.87,,
87,,532.FN242,Fan NDE,2026-03,2026-03-17,0.71,,
88,,532.FN242,Motor NDE,2026-05,2026-05-13,0.078,,
89,,532.FN242,Motor DE,2026-05,2026-05-13,0.219,,
90,,532.FN242,Fan DE,2026-05,2026-05-13,1.318,,
91,,532.FN242,Fan NDE,2026-05,2026-05-13,1.464,,
92,,532.FN380,Fan NDE,2026-04,2026-04-27,0.328,,
93,Vb-532.FN380-FNDE-SPM,532.FN380,,2026-04,2026-04-27,1.098,,
94,Vb-532.FN380-MDE-SPM,532.FN380,,2026-04,2026-04-27,0.224,,
95,Vb-532.FN380-MNDE-SPM,532.FN380,,2026-04,2026-04-27,0.159,,
96,,532.FN380,Fan NDE,2026-05,2026-05-13,0.762,,
97,Vb-532.FN380-FNDE-SPM,532.FN380,,2026-05,2026-05-13,0.467,,
98,Vb-532.FN380-MDE-SPM,532.FN380,,2026-05,2026-05-13,0.183,,
99,Vb-532.FN380-MNDE-SPM,532.FN380,,2026-05,2026-05-13,0.261,,
100,,532.FN530,Fan NDE,2026-04,2026-04-23,0.178,,
101,Vb-532.FN530-FNDE-SPM,532.FN530,,2026-04,2026-04-23,1.132,,
102,Vb-532.FN530-MDE-SPM,532.FN530,,2026-04,2026-04-23,0.627,,
103,Vb-532.FN530-MNDE-SPM,532.FN530,,2026-04,2026-04-23,0.108,,
104,,532.FN530,Fan NDE,2026-05,2026-05-13,0.277,,
105,Vb-532.FN530-FNDE-SPM,532.FN530,,2026-05,2026-05-13,0.461,,
106,Vb-532.FN530-MDE-SPM,532.FN530,,2026-05,2026-05-13,0.09,,
107,Vb-532.FN530-MNDE-SPM,532.FN530,,2026-05,2026-05-13,0.048,,
108,Vb-532.MD140-MDE-SPM,532.MD140,,2026-04,2026-04-23,1.864,,
109,Vb-532.MD140-MNDE-SPM,532.MD140,,2026-04,2026-04-23,0.566,,
110,Vb-532.MD140-S1DE-SPM,532.MD140,,2026-04,2026-04-23,1.78,,
111,Vb-532.MD140-S1NDE-SPM,532.MD140,,2026-04,2026-04-23,9.908,,
112,Vb-532.MD140-S2DE-SPM,532.MD140,,2026-04,2026-04-23,0.973,,
113,Vb-532.MD140-S2NDE-SPM,532.MD140,,2026-04,2026-04-23,2.508,,
114,Vb-532.MD140-S3DE-SPM,532.MD140,,2026-04,2026-04-23,0.674,,
115,Vb-532.MD140-S3NDE-SPM,532.MD140,,2026-04,2026-04-23,1.653,,
116,Vb-532.MD140-S4DE-SPM,532.MD140,,2026-04,2026-04-23,0.883,,
117,Vb-532.MD140-S4NDE-SPM,532.MD140,,2026-04,2026-04-23,1.312,,
118,Vb-532.MD140-MDE-SPM,532.MD140,,2026-05,2026-05-13,2.577,,
119,Vb-532.MD140-S1DE-SPM,532.MD140,,2026-05,2026-05-13,0.797,,
120,Vb-532.MD140-S1NDE-SPM,532.MD140,,2026-05,2026-05-13,3.027,,
121,Vb-532.MD140-S2NDE-SPM,532.MD140,,2026-05,2026-05-13,1.748,,
122,Vb-532.MD140-S3NDE-SPM,532.MD140,,2026-05,2026-05-13,1.177,,
123,Vb-532.MD140-S4NDE-SPM,532.MD140,,2026-05,2026-05-13,0.642,2026-05-13,1.27
124,Vb-532.MD140-MDE-SPM,532.MD140,,2026-06,2026-06-09,1.083,,
125,Vb-532.MD140-MNDE-SPM,532.MD140,,2026-06,2026-06-09,0.854,,
126,Vb-532.MD140-S1DE-SPM,532.MD140,,2026-06,2026-06-09,0.799,,
127,Vb-532.MD140-S1NDE-SPM,532.MD140,,2026-06,2026-06-09,2.278,,
128,Vb-532.MD140-S2NDE-SPM,532.MD140,,2026-06,2026-06-09,2.109,,
129,Vb-532.MD140-S3NDE-SPM,532.MD140,,2026-06,2026-06-09,1.016,,
130,Vb-532.MD140-S4NDE-SPM,532.MD140,,2026-06,2026-06-09,1.362,,
131,Vb-532.MD302-MDE-SPM,532.MD302,,2026-04,2026-04-23,0.174,,
132,Vb-532.MD302-MNDE-SPM,532.MD302,,2026-04,2026-04-23,0.456,,
133,Vb-532.MD302-S1DE-SPM,532.MD302,,2026-04,2026-04-23,0.381,,
134,Vb-532.MD302-S1NDE-SPM,532.MD302,,2026-04,2026-04-23,0.435,,
135,Vb-532.MD302-S2DE-SPM,532.MD302,,2026-04,2026-04-23,0.206,,
136,Vb-532.MD302-S2NDE-SPM,532.MD302,,2026-04,2026-04-23,0.28,,
137,Vb-532.MD302-MDE-SPM,532.MD302,,2026-05,2026-05-13,0.157,,
138,Vb-532.MD302-MNDE-SPM,532.MD302,,2026-05,2026-05-13,0.353,,
139,Vb-532.MD302-S1DE-SPM,532.MD302,,2026-05,2026-05-13,0.322,,
140,Vb-532.MD302-S1NDE-SPM,532.MD302,,2026-05,2026-05-13,0.425,,
141,Vb-532.MD302-S2DE-SPM,532.MD302,,2026-05,2026-05-13,0.15,,
142,Vb-532.MD302-S2NDE-SPM,532.MD302,,2026-05,2026-05-13,0.188,,
143,,533.BE220,Shaft 1 inboard  DE,2026-04,2026-04-22,0.138,,
144,,533.BE220,Shaft 2  inboard  DE,2026-04,2026-04-22,0.268,,
145,Vb-533.BE220-MDE-SPM,533.BE220,,2026-04,2026-04-22,0.038,,
146,Vb-533.BE220-MNDE-SPM,533.BE220,,2026-04,2026-04-22,0.104,,
147,,533.BE220,Shaft 1 inboard  DE,2026-05,2026-05-11,0.731,,
148,,533.BE220,Shaft 2  inboard  DE,2026-05,2026-05-11,0.187,2026-05-11,0.22
149,,533.BE220,Shaft 2  outboard NDE,2026-05,2026-05-11,0.133,,
150,,533.BE220,Bearing DE,2026-05,2026-05-11,0.069,,
151,,533.BE220,Bearing NDE,2026-05,2026-05-11,0.1,,
152,Vb-533.BE220-MDE-SPM,533.BE220,,2026-05,2026-05-11,0.038,,
153,Vb-533.BE220-MNDE-SPM,533.BE220,,2026-05,2026-05-11,0.095,,
154,,533.FN350,Fan NDE,2026-04,2026-04-22,1.056,,
155,Vb-533.FN350-FNDE-SPM,533.FN350,,2026-04,2026-04-22,0.265,,
156,Vb-533.FN350-MDE-SPM,533.FN350,,2026-04,2026-04-22,0.448,,
157,Vb-533.FN350-MNDE-SPM,533.FN350,,2026-04,2026-04-22,0.104,,
158,,533.FN350,Fan NDE,2026-05,2026-05-11,0.323,2026-05-11,1.028
159,Vb-533.FN350-FNDE-SPM,533.FN350,,2026-05,2026-05-11,1.413,2026-05-11,0.555
160,Vb-533.FN350-MDE-SPM,533.FN350,,2026-05,2026-05-11,0.448,2026-05-11,0.247
161,Vb-533.FN350-MNDE-SPM,533.FN350,,2026-05,2026-05-11,0.214,2026-05-11,0.156
162,,533.FN364,Motor NDE,2026-04,2026-04-22,0.046,,
163,,533.FN364,Motor DE,2026-04,2026-04-22,0.134,,
164,,533.FN364,Fan DE,2026-04,2026-04-22,0.474,,
165,,533.FN364,Fan NDE,2026-04,2026-04-22,0.252,,
166,,533.FN364,Motor NDE,2026-05,2026-05-11,0.051,,
167,,533.FN364,Motor DE,2026-05,2026-05-11,0.376,,
168,,533.FN364,Fan DE,2026-05,2026-05-11,0.36,,
169,,533.FN364,Fan NDE,2026-05,2026-05-11,0.449,,
170,,533.FN530,Fan NDE,2026-04,2026-04-22,0.493,,
171,Vb-533.FN530-FNDE-SPM,533.FN530,,2026-04,2026-04-22,0.303,,
172,Vb-533.FN530-MDE-SPM,533.FN530,,2026-04,2026-04-22,0.165,,
173,Vb-533.FN530-MNDE-SPM,533.FN530,,2026-04,2026-04-22,0.064,,
174,Vb-533.MD140-MDE-SPM,533.MD140,,2026-04,2026-04-22,0.72,,
175,Vb-533.MD140-MNDE-SPM,533.MD140,,2026-04,2026-04-22,1.751,,
176,Vb-533.MD140-S1DE-SPM,533.MD140,,2026-04,2026-04-22,0.802,,
177,Vb-533.MD140-S1NDE-SPM,533.MD140,,2026-04,2026-04-22,2.561,,
178,Vb-533.MD140-S2DE-SPM,533.MD140,,2026-04,2026-04-22,0.497,,
179,Vb-533.MD140-S2NDE-SPM,533.MD140,,2026-04,2026-04-22,1.172,,
180,Vb-533.MD140-S3DE-SPM,533.MD140,,2026-04,2026-04-22,0.475,,
181,Vb-533.MD140-S3NDE-SPM,533.MD140,,2026-04,2026-04-22,0.947,,
182,Vb-533.MD140-S4DE-SPM,533.MD140,,2026-04,2026-04-22,0.574,,
183,Vb-533.MD140-S4NDE-SPM,533.MD140,,2026-04,2026-04-22,0.728,,
184,Vb-533.MD140-MDE-SPM,533.MD140,,2026-05,2026-05-11,0.125,,
185,Vb-533.MD140-MNDE-SPM,533.MD140,,2026-05,2026-05-11,0.458,,
186,Vb-533.MD140-S1DE-SPM,533.MD140,,2026-05,2026-05-11,0.351,,
187,Vb-533.MD140-S1NDE-SPM,533.MD140,,2026-05,2026-05-11,0.596,,
188,Vb-533.MD140-S2DE-SPM,533.MD140,,2026-05,2026-05-11,0.178,,
189,Vb-533.MD140-S2NDE-SPM,533.MD140,,2026-05,2026-05-11,0.847,,
190,Vb-533.MD140-S3DE-SPM,533.MD140,,2026-05,2026-05-11,0.306,,
191,Vb-533.MD140-S3NDE-SPM,533.MD140,,2026-05,2026-05-11,0.756,,
192,Vb-533.MD140-S4DE-SPM,533.MD140,,2026-05,2026-05-11,0.454,,
193,Vb-533.MD140-S4NDE-SPM,533.MD140,,2026-05,2026-05-11,0.452,,
194,,533.MD302,Motor NDE,2026-04,2026-04-22,0.521,,
195,,533.MD302,Motor DE,2026-04,2026-04-22,0.252,,
196,,533.MD302,Shaft 1 inboard  DE,2026-04,2026-04-22,0.313,,
197,,533.MD302,Shaft 1 Outboard NDE,2026-04,2026-04-22,0.225,,
198,,533.MD302,Shaft 2  inboard  DE,2026-04,2026-04-22,0.281,,
199,,533.MD302,Shaft 2  outboard NDE,2026-04,2026-04-22,0.261,,
200,,533.MD302,Motor NDE,2026-05,2026-05-11,0.579,,
201,,533.MD302,Motor DE,2026-05,2026-05-11,0.196,,
202,,533.MD302,Shaft 1 inboard  DE,2026-05,2026-05-11,0.388,,
203,,533.MD302,Shaft 1 Outboard NDE,2026-05,2026-05-11,0.219,,
204,,533.MD302,Shaft 2  inboard  DE,2026-05,2026-05-11,0.21,,
205,,533.MD302,Shaft 2  outboard NDE,2026-05,2026-05-11,0.231,,
206,,533.MD302,Shaft 3  inboard  DE,2026-05,2026-05-11,0.144,,
207,,533.MD302,Shaft 3  outboard NDE,2026-05,2026-05-11,0.169,,
208,,534.BE220,Shaft 1 inboard  DE,2026-04,2026-04-27,0.156,,
209,,534.BE220,Shaft 2  inboard  DE,2026-04,2026-04-27,0.156,,
210,Vb-534.BE220-MDE-SPM,534.BE220,,2026-04,2026-04-27,0.041,,
211,Vb-534.BE220-MNDE-SPM,534.BE220,,2026-04,2026-04-27,0.063,,
212,,534.FN350,Fan NDE,2026-04,2026-04-27,0.196,,
213,Vb-534.FN350-FNDE-SPM,534.FN350,,2026-04,2026-04-27,1.442,,
214,Vb-534.FN350-MDE-SPM,534.FN350,,2026-04,2026-04-27,0.277,,
215,Vb-534.FN350-MNDE-SPM,534.FN350,,2026-04,2026-04-27,0.142,,
216,,534.FN350,Fan NDE,2026-05,2026-05-13,0.196,,
217,Vb-534.FN350-FNDE-SPM,534.FN350,,2026-05,2026-05-13,1.768,,
218,Vb-534.FN350-MDE-SPM,534.FN350,,2026-05,2026-05-13,0.378,,
219,Vb-534.FN350-MNDE-SPM,534.FN350,,2026-05,2026-05-13,0.228,,
220,,534.FN364,Motor NDE,2026-04,2026-04-27,0.08,,
221,,534.FN364,Motor DE,2026-04,2026-04-27,0.101,,
222,,534.FN364,Fan DE,2026-04,2026-04-27,0.365,,
223,,534.FN364,Fan NDE,2026-04,2026-04-27,0.604,,
224,,534.FN530,Fan NDE,2026-04,2026-04-27,1.684,,
225,Vb-534.FN530-FNDE-SPM,534.FN530,,2026-04,2026-04-27,0.353,,
226,Vb-534.FN530-MDE-SPM,534.FN530,,2026-04,2026-04-27,0.298,,
227,Vb-534.FN530-MNDE-SPM,534.FN530,,2026-04,2026-04-27,0.108,,
228,,534.FN530,Fan NDE,2026-05,2026-05-13,0.286,,
229,Vb-534.FN530-FNDE-SPM,534.FN530,,2026-05,2026-05-13,0.555,,
230,Vb-534.FN530-MDE-SPM,534.FN530,,2026-05,2026-05-13,0.231,,
231,Vb-534.FN530-MNDE-SPM,534.FN530,,2026-05,2026-05-13,0.147,,
232,Vb-534.MD140-MDE-SPM,534.MD140,,2026-04,2026-04-27,0.555,,
233,Vb-534.MD140-MNDE-SPM,534.MD140,,2026-04,2026-04-27,0.151,,
234,Vb-534.MD140-S1DE-SPM,534.MD140,,2026-04,2026-04-27,0.121,,
235,Vb-534.MD140-S1NDE-SPM,534.MD140,,2026-04,2026-04-27,0.116,,
236,Vb-534.MD140-S2DE-SPM,534.MD140,,2026-04,2026-04-27,0.116,,
237,Vb-534.MD140-S2NDE-SPM,534.MD140,,2026-04,2026-04-27,0.09,,
238,Vb-534.MD140-S3DE-SPM,534.MD140,,2026-04,2026-04-27,0.072,,
239,Vb-534.MD140-S3NDE-SPM,534.MD140,,2026-04,2026-04-27,0.061,,
240,Vb-534.MD140-S4DE-SPM,534.MD140,,2026-04,2026-04-27,0.078,,
241,Vb-534.MD140-S4NDE-SPM,534.MD140,,2026-04,2026-04-27,0.437,,
242,Vb-534.MD140-MDE-SPM,534.MD140,,2026-05,2026-05-13,0.319,,
243,Vb-534.MD140-MNDE-SPM,534.MD140,,2026-05,2026-05-13,1.636,,
244,Vb-534.MD140-S1DE-SPM,534.MD140,,2026-05,2026-05-13,0.083,,
245,Vb-534.MD140-S1NDE-SPM,534.MD140,,2026-05,2026-05-13,0.127,,
246,Vb-534.MD140-S2DE-SPM,534.MD140,,2026-05,2026-05-13,0.116,,
247,Vb-534.MD140-S2NDE-SPM,534.MD140,,2026-05,2026-05-13,0.105,,
248,Vb-534.MD140-S3DE-SPM,534.MD140,,2026-05,2026-05-13,0.072,,
249,Vb-534.MD140-S3NDE-SPM,534.MD140,,2026-05,2026-05-13,0.103,,
250,Vb-534.MD140-S4DE-SPM,534.MD140,,2026-05,2026-05-13,0.078,,
251,Vb-534.MD140-S4NDE-SPM,534.MD140,,2026-05,2026-05-13,0.08,,
252,Vb-534.MD140-MDE-SPM,534.MD140,,2026-06,2026-06-04,0.785,,
253,Vb-534.MD140-MNDE-SPM,534.MD140,,2026-06,2026-06-04,0.841,,
254,Vb-534.MD140-S1DE-SPM,534.MD140,,2026-06,2026-06-04,0.069,,
255,Vb-534.MD140-S1NDE-SPM,534.MD140,,2026-06,2026-06-04,0.094,,
256,Vb-534.MD140-S2NDE-SPM,534.MD140,,2026-06,2026-06-04,0.044,,
257,Vb-534.MD140-S3NDE-SPM,534.MD140,,2026-06,2026-06-04,0.164,,
258,Vb-534.MD140-S4NDE-SPM,534.MD140,,2026-06,2026-06-04,0.034,,
259,,534.MD302,Motor NDE,2026-04,2026-04-27,0.384,,
260,,534.MD302,Motor DE,2026-04,2026-04-27,0.128,,
261,,534.MD302,Shaft 1 inboard  DE,2026-04,2026-04-27,0.183,,
262,,534.MD302,Shaft 1 Outboard NDE,2026-04,2026-04-27,0.095,,
263,,534.MD302,Shaft 2  inboard  DE,2026-04,2026-04-27,0.154,,
264,,534.MD302,Shaft 2  outboard NDE,2026-04,2026-04-27,0.11,,
265,Vb-612.BL300-BLDE-SPM,612.BL300,,2026-04,2026-04-27,3.392,,
266,Vb-612.BL300-BLNDE-SPM,612.BL300,,2026-04,2026-04-27,7.127,,
267,Vb-612.BL300-MDE-SPM,612.BL300,,2026-04,2026-04-27,0.403,,
268,Vb-612.BL300-MNDE-SPM,612.BL300,,2026-04,2026-04-27,0.061,2026-04-27,0.018
269,Vb-612.BL300-BLDE-SPM,612.BL300,,2026-05,2026-05-13,2.808,,
270,Vb-612.BL300-BLNDE-SPM,612.BL300,,2026-05,2026-05-13,3.451,,
271,Vb-612.BL300-MDE-SPM,612.BL300,,2026-05,2026-05-13,0.519,,
272,Vb-612.BL300-MNDE-SPM,612.BL300,,2026-05,2026-05-13,0.09,2026-05-13,0.023
273,Vb-613.BL300-BLDE-SPM,613.BL300,,2026-04,2026-04-27,5.399,,
274,Vb-613.BL300-BLNDE-SPM,613.BL300,,2026-04,2026-04-27,6.76,,
275,Vb-613.BL300-MDE-SPM,613.BL300,,2026-04,2026-04-27,0.345,,
276,Vb-613.BL300-BLDE-SPM,613.BL300,,2026-05,2026-05-13,4.872,,
277,Vb-613.BL300-BLNDE-SPM,613.BL300,,2026-05,2026-05-13,9.345,,
278,Vb-613.BL300-MDE-SPM,613.BL300,,2026-05,2026-05-13,0.289,,
279,Vb-614.BL300-BLDE-SPM,614.BL300,,2026-04,2026-04-27,1.427,,
280,Vb-614.BL300-BLNDE-SPM,614.BL300,,2026-04,2026-04-27,2.268,,
281,Vb-614.BL300-MDE-SPM,614.BL300,,2026-04,2026-04-27,0.357,,
282,Vb-614.BL300-MNDE-SPM,614.BL300,,2026-04,2026-04-27,0.012,,
283,Vb-614.BL300-BLDE-SPM,614.BL300,,2026-05,2026-05-13,2.029,,
284,Vb-614.BL300-BLNDE-SPM,614.BL300,,2026-05,2026-05-13,3.467,,
285,Vb-614.BL300-MDE-SPM,614.BL300,,2026-05,2026-05-13,0.259,,
286,Vb-614.BL300-MNDE-SPM,614.BL300,,2026-05,2026-05-13,0.021,,
287,,641.FN952,Fan NDE,2026-04,2026-04-27,0.487,,
288,Vb-641.FN.952-FNDE-SPM,641.FN952,,2026-04,2026-04-27,1.049,,
289,Vb-641.FN.952-MDE-SPM,641.FN952,,2026-04,2026-04-27,0.128,,
290,Vb-641.FN.952-MNDE-SPM,641.FN952,,2026-04,2026-04-27,0.099,,
291,,641.FN952,Fan NDE,2026-05,2026-05-13,0.238,,
292,Vb-641.FN.952-FNDE-SPM,641.FN952,,2026-05,2026-05-13,0.521,,
293,Vb-641.FN.952-MDE-SPM,641.FN952,,2026-05,2026-05-13,0.041,,
294,Vb-641.FN.952-MNDE-SPM,641.FN952,,2026-05,2026-05-13,0.078,,
295,,642.FN952,Fan NDE,2026-04,2026-04-27,0.396,,
296,Vb-642.FN.952-FNDE-SPM,642.FN952,,2026-04,2026-04-27,1.84,,
297,Vb-642.FN.952-MDE-SPM,642.FN952,,2026-04,2026-04-27,0.214,,
298,Vb-642.FN.952-MNDE-SPM,642.FN952,,2026-04,2026-04-27,0.193,,
299,,642.FN952,Fan NDE,2026-05,2026-05-13,0.426,,
300,Vb-642.FN.952-FNDE-SPM,642.FN952,,2026-05,2026-05-13,1.094,,
301,Vb-642.FN.952-MDE-SPM,642.FN952,,2026-05,2026-05-13,0.114,,
302,Vb-642.FN.952-MNDE-SPM,642.FN952,,2026-05,2026-05-13,0.081,,
303,,643.FN952,Fan NDE,2026-04,2026-04-27,0.838,,
304,Vb-643.FN.952-FNDE-SPM,643.FN952,,2026-04,2026-04-27,0.842,,
305,Vb-643.FN.952-MDE-SPM,643.FN952,,2026-04,2026-04-27,0.124,,
306,Vb-643.FN.952-MNDE-SPM,643.FN952,,2026-04,2026-04-27,0.052,,
307,,643.FN952,Fan NDE,2026-05,2026-05-13,0.898,,
308,Vb-643.FN.952-FNDE-SPM,643.FN952,,2026-05,2026-05-13,0.843,,
309,Vb-643.FN.952-MDE-SPM,643.FN952,,2026-05,2026-05-13,0.082,,
310,Vb-643.FN.952-MNDE-SPM,643.FN952,,2026-05,2026-05-13,0.04,,
311,,644.FN952,Fan NDE,2026-04,2026-04-27,0.907,,
312,Vb-644.FN.952-FNDE-SPM,644.FN952,,2026-04,2026-04-27,1.175,,
313,Vb-644.FN.952-MDE-SPM,644.FN952,,2026-04,2026-04-27,0.66,,
314,Vb-644.FN.952-MNDE-SPM,644.FN952,,2026-04,2026-04-27,0.109,,
315,,644.FN952,Fan NDE,2026-05,2026-05-13,0.633,,
316,Vb-644.FN.952-FNDE-SPM,644.FN952,,2026-05,2026-05-13,0.8,,
317,Vb-644.FN.952-MDE-SPM,644.FN952,,2026-05,2026-05-13,0.193,,
318,Vb-644.FN.952-MNDE-SPM,644.FN952,,2026-05,2026-05-13,0.078,,
319,,645.FN952,Fan NDE,2026-04,2026-04-27,0.176,,
320,Vb-645.FN.952-FNDE-SPM,645.FN952,,2026-04,2026-04-27,0.371,,
321,Vb-645.FN.952-MDE-SPM,645.FN952,,2026-04,2026-04-27,0.266,,
322,Vb-645.FN.952-MNDE-SPM,645.FN952,,2026-04,2026-04-27,0.095,,
323,,645.FN952,Fan NDE,2026-05,2026-05-13,0.137,,
324,Vb-645.FN.952-FNDE-SPM,645.FN952,,2026-05,2026-05-13,0.294,,
325,Vb-645.FN.952-MDE-SPM,645.FN952,,2026-05,2026-05-13,0.299,,
326,Vb-645.FN.952-MNDE-SPM,645.FN952,,2026-05,2026-05-13,0.054,,
327,,646.FN952,Fan NDE,2026-04,2026-04-27,1.083,,
328,Vb-646.FN.952-FNDE-SPM,646.FN952,,2026-04,2026-04-27,0.29,,
329,Vb-646.FN.952-MDE-SPM,646.FN952,,2026-04,2026-04-27,0.284,,
330,Vb-646.FN.952-MNDE-SPM,646.FN952,,2026-04,2026-04-27,0.087,,
331,,646.FN952,Fan NDE,2026-05,2026-05-13,0.073,,
332,Vb-646.FN.952-FNDE-SPM,646.FN952,,2026-05,2026-05-13,0.266,,
333,Vb-646.FN.952-MDE-SPM,646.FN952,,2026-05,2026-05-13,0.258,,
334,Vb-646.FN.952-MNDE-SPM,646.FN952,,2026-05,2026-05-13,0.045,,
335,,742.CP110,Compressor DE,2026-04,2026-04-22,0.484,,
336,Vb-742.CP110-CNDE-SPM-1,742.CP110,,2026-04,2026-04-22,0.716,,
337,Vb-742.CP110-MDE-SPM-A,742.CP110,,2026-04,2026-04-22,0.221,,
338,Vb-742.CP110-MNDE-SPM-B,742.CP110,,2026-04,2026-04-22,0.146,,
339,,742.CP110,Compressor DE,2026-05,2026-05-11,0.439,,
340,Vb-742.CP110-CNDE-SPM-1,742.CP110,,2026-05,2026-05-11,0.609,,
341,Vb-742.CP110-MDE-SPM-A,742.CP110,,2026-05,2026-05-11,0.219,,
342,Vb-742.CP110-MNDE-SPM-B,742.CP110,,2026-05,2026-05-11,0.073,,
343,,742.CP111,Compressor DE,2026-04,2026-04-22,0.563,,
344,Vb-742.CP111-CNDE-SPM-1,742.CP111,,2026-04,2026-04-22,1.334,,
345,Vb-742.CP111-MDE-SPM-A,742.CP111,,2026-04,2026-04-22,0.701,,
346,Vb-742.CP111-MNDE-SPM-B,742.CP111,,2026-04,2026-04-22,0.165,,
347,,742.CP112,Compressor DE,2026-05,2026-05-11,0.588,,
348,Vb-742.CP112-CNDE-SPM-1,742.CP112,,2026-05,2026-05-11,1.108,,
349,Vb-742.CP112-MDE-SPM-A,742.CP112,,2026-05,2026-05-11,0.183,,
350,Vb-742.CP112-MNDE-SPM-B,742.CP112,,2026-05,2026-05-11,0.11,,
351,,742.CP113,Compressor DE,2026-05,2026-05-11,0.056,,
352,Vb-742.CP113-CNDE-SPM-1,742.CP113,,2026-05,2026-05-11,0.093,,
353,Vb-742.CP113-MDE-SPM-A,742.CP113,,2026-05,2026-05-11,0.026,,
354,Vb-742.CP113-MNDE-SPM-B,742.CP113,,2026-05,2026-05-11,0.042,,
355,,744.CP110,Compressor DE,2026-03,2026-03-18,9.05,,
356,Vb-744.CP110-CNDE-SPM-1,744.CP110,,2026-03,2026-03-18,9.779,,
357,Vb-744.CP110-MDE-SPM-A,744.CP110,,2026-03,2026-03-18,2.361,,
358,Vb-744.CP110-MNDE-SPM-B,744.CP110,,2026-03,2026-03-18,5.489,,
359,,744.CP110,Compressor DE,2026-05,2026-05-11,1.397,,
360,Vb-744.CP110-CNDE-SPM-1,744.CP110,,2026-05,2026-05-11,0.956,,
361,Vb-744.CP110-MDE-SPM-A,744.CP110,,2026-05,2026-05-11,0.412,,
362,Vb-744.CP110-MNDE-SPM-B,744.CP110,,2026-05,2026-05-11,0.554,,
363,,744.CP111,Compressor DE,2026-02,2026-02-08,0.281,,
364,Vb-744.CP111-CNDE-SPM-1,744.CP111,,2026-02,2026-02-08,0.239,,
365,Vb-744.CP111-MDE-SPM-A,744.CP111,,2026-02,2026-02-08,0.13,,
366,Vb-744.CP111-MNDE-SPM-B,744.CP111,,2026-02,2026-02-08,0.105,,
367,,744.CP111,Compressor DE,2026-05,2026-05-11,1.03,,
368,Vb-744.CP111-CNDE-SPM-1,744.CP111,,2026-05,2026-05-11,1.392,,
369,Vb-744.CP111-MDE-SPM-A,744.CP111,,2026-05,2026-05-11,0.149,,
370,Vb-744.CP111-MNDE-SPM-B,744.CP111,,2026-05,2026-05-11,0.785,,
371,,744.CP113,Motor NDE,2026-05,2026-05-11,0.088,,
372,,744.CP113,Motor DE,2026-05,2026-05-11,0.22,,
373,,744.CP113,Compressor DE,2026-05,2026-05-11,0.301,,
374,,744.CP113,Compressor NDE,2026-05,2026-05-11,0.242,,
